{
    "logistic": {
        "latest": "logistic_v1.pkl",
        "metrics": {
            "accuracy": 0.841724354940214,
            "f1": 0.8775261748234722,
            "auc_pr": 0.8875922774399122
        },
        "best_params": {
            "C": 0.1,
            "class_weight": "balanced",
            "solver": "liblinear"
        }
    },
    "randomforest": {
        "latest": "randomforest_v1.pkl",
        "metrics": {
            "accuracy": 0.8678414096916299,
            "f1": 0.8979095770539621,
            "auc_pr": 0.9529184388668294
        },
        "best_params": {
            "class_weight": "balanced",
            "max_depth": 3,
            "min_samples_split": 2,
            "n_estimators": 100
        }
    },
    "xgboost": {
        "latest": "xgboost_v1.pkl",
        "metrics": {
            "accuracy": 0.8499056010069226,
            "f1": 0.8788417576835154,
            "auc_pr": 0.8948275389180391
        },
        "best_params": {
            "colsample_bytree": 1.0,
            "learning_rate": 0.01,
            "max_depth": 3,
            "n_estimators": 100,
            "scale_pos_weight": 0.6,
            "subsample": 1.0
        }
    }
}